provinsi_encoded,komoditas_encoded,provinsi_encoded^2,komoditas_encoded^2,prov_komo_interaction,produksi_ton
-0.8587669297458257,-0.31901331874931843,0.7374806396250719,0.10176949753945425,0.27395808829037865,11505.899000000001
-0.6861695468141094,0.7353418115009542,0.4708286469750802,0.5407275797415049,-0.504569157551076,60549.280000000006
-1.3765590785409745,0.339958637657102,1.8949148967135767,0.11557187531767277,-0.46797314899530534,13685.74
0.2631160593103302,1.2625193766260905,0.0692300606669972,1.5939551763563322,0.3321891231807916,484.8
0.6946095166396209,-0.9779852751557389,0.48248238060632775,0.9564551984214462,-0.6793178792565944,1.3
-1.3765590785409745,-1.373368448999591,1.8949148967135767,1.8861408967075421,1.8905228066521242,4.0
-0.5135721638823931,-1.109779666437023,0.26375636751484366,1.23161090803707,0.5699519447247423,2154.87
-0.2546760894848186,0.8671362027822382,0.06485991055527934,0.751925194175599,-0.22083885717529514,0.5
0.2631160593103302,0.07636985509453381,0.0692300606669972,0.005832354767160092,0.02009413532257468,801.15
-0.7724682382799675,-0.5826021013118866,0.5967071791513566,0.3394252084530258,0.45004161881860016,709.191
0.09051867637861392,0.2081642463758179,0.00819363077333624,0.043332353469212215,0.018842752051290716,9.6
0.17681736784447208,-0.7143964925931706,0.03126438157144735,0.5103623486294241,-0.12631770741764733,5695.977
0.2631160593103302,1.1307249853448065,0.0692300606669972,1.2785389924830128,0.2975119023076564,10024.039
0.6946095166396209,0.9989305940635224,0.48248238060632775,0.9978623317561017,0.6938666970989926,2.5
1.5575964312982025,-1.109779666437023,2.426106642792896,1.23161090803707,-1.7285888479696165,2641.9
-0.6861695468141094,1.1307249853448065,0.4708286469750802,1.2785389924830128,-0.7758690507654363,113104.785
-0.7724682382799675,0.6035474202196701,0.5967071791513566,0.36426948845381907,-0.4662212124155078,103434.45999999999
1.384999048366486,1.1307249853448065,1.9182223639760718,1.2785389924830128,1.5660530286667658,193.611
0.2631160593103302,-1.5051628402808752,0.0692300606669972,2.2655151757623915,-0.39603251515504784,171549.688
1.6438951227640606,1.1307249853448065,2.702391174647466,1.2785389924830128,1.8587932885957912,22222.782
0.17681736784447208,1.3943137679073747,0.03126438157144735,1.9441108833760603,0.24653889039069013,4287.174
0.4357134422420465,0.47175302893838605,0.1898462037504132,0.2225509203125417,0.20554913612685596,1060.9
-1.1176630041434001,1.3943137679073747,1.2491705908308501,1.9441108833760603,-1.55837291455786,1774.53
1.1261029739689117,1.3943137679073747,1.2681079079816273,1.9441108833760603,1.5701408806862935,10321.483
-1.635455152938549,-0.18721892746803434,2.674713557273253,0.035050926802281106,0.3061881596552252,13674.242000000002
0.09051867637861392,0.6035474202196701,0.00819363077333624,0.36426948845381907,0.054632313610011626,113.95
1.1261029739689117,0.47175302893838605,1.2681079079816273,0.2225509203125417,0.5312424888663586,56072.647
-0.3409747809506768,-1.5051628402808752,0.11626380124436202,2.2655151757623915,0.5132225697598699,91.01
-1.635455152938549,1.3943137679073747,2.674713557273253,1.9441108833760603,-2.28033763653728,9484.551
0.7809082081054791,1.3943137679073747,0.6098176294865103,1.9441108833760603,1.088831066033347,1058.617
0.6083108251737628,-0.7143964925931706,0.3700420600235842,0.5103623486294241,-0.43457511991059355,3021.561
-0.8587669297458257,-0.4508077100306025,0.7374806396250719,0.20322759142303579,0.38713875304872697,2065.669
0.6083108251737628,0.9989305940635224,0.3700420600235842,0.9978623317561017,0.6076602939660983,1022.7
-0.7724682382799675,1.1307249853448065,0.5967071791513566,1.2785389924830128,-0.8734491374084447,46261.81
-0.6861695468141094,0.47175302893838605,0.4708286469750802,0.2225509203125417,-0.3237025620748358,210179.06
-0.6861695468141094,1.5261081591886587,0.4708286469750802,2.3290061135421967,-1.0471689439797967,126810.23000000001
-0.9450656212116838,-0.18721892746803434,0.8931490283962258,0.035050926802281106,0.17693417199016304,6298.369000000001
0.6083108251737628,0.07636985509453381,0.3700420600235842,0.005832354767160092,0.046456609570956556,32.43
-1.2902603870751164,-0.8461908838744547,1.6647718664552291,0.716039011952231,1.091806577367289,45171.772
1.6438951227640606,-1.241574057718307,2.702391174647466,1.541506140799102,-2.041017538033509,16351.059
-0.5998708553482512,0.339958637657102,0.35984504309624255,0.11557187531767277,-0.203931278754392,6977.152
-1.5491564614726907,-0.7143964925931706,2.399885742122588,0.5103623486294241,1.1067119425541374,27280.977000000003
-0.5998708553482512,-0.9779852751557389,0.35984504309624255,0.9564551984214462,0.5866648635256679,2849.542
0.0042199849127557846,1.5261081591886587,1.7808272663886447e-05,2.3290061135421967,0.006440153407009643,15612.291000000001
0.5220121337079047,-0.055424536186750264,0.27249666773827935,0.0030718792115163895,-0.02893228039461648,277.04
0.5220121337079047,-1.109779666437023,0.27249666773827935,1.23161090803707,-0.5793184516224371,59.845000000000006
0.17681736784447208,-1.5051628402808752,0.03126438157144735,2.2655151757623915,-0.2661389315957739,333.87600000000003
-0.7724682382799675,0.07636985509453381,0.5967071791513566,0.005832354767160092,-0.058993287422570935,26414.329999999998
0.9535055910371953,-1.109779666437023,0.9091729121391913,1.23161090803707,-1.0581811167670951,2.71
-1.3765590785409745,-1.5051628402808752,1.8949148967135767,2.2655151757623915,2.0719455724711575,577.65
0.5220121337079047,-1.5051628402808752,0.27249666773827935,2.2655151757623915,-0.7857132658328698,34.441
0.3494147507761884,1.5261081591886587,0.12209066805998585,2.3290061135421967,0.5332447021004129,9574.41
0.0042199849127557846,-0.4508077100306025,1.7808272663886447e-05,0.20322759142303579,-0.0019024017348831272,211.507
1.5575964312982025,0.7353418115009542,2.426106642792896,0.5407275797415049,1.1453657813782419,1410.584
1.298700356900628,1.5261081591886587,1.6866226170138183,2.3290061135421967,1.9819572110072714,4368.769
0.0042199849127557846,-1.109779666437023,1.7808272663886447e-05,1.23161090803707,-0.004683253448847384,4233.3099999999995
-0.6861695468141094,-1.373368448999591,0.4708286469750802,1.8861408967075421,0.9423636062588456,324.308
-1.635455152938549,-0.7143964925931706,2.674713557273253,0.5103623486294241,1.1683634250527268,112302.144
-1.031364312677542,-1.109779666437023,1.0637123454648187,1.23161090803707,1.144587142898332,304062.895
1.0398042825030536,-1.6369572315621592,1.08119294591169,2.6796289779636484,-1.702115139652676,101.237
0.3494147507761884,0.6035474202196701,0.12209066805998585,0.36426948845381907,0.21088837141766748,28699.944
-1.1176630041434001,-0.7143964925931706,1.2491705908308501,0.5103623486294241,0.7984545300611914,11039.735
0.0042199849127557846,-0.055424536186750264,1.7808272663886447e-05,0.0030718792115163895,-0.00023389070650457313,12782.685000000001
-1.031364312677542,0.9989305940635224,1.0637123454648187,0.9978623317561017,-1.0302613655588935,651103.992
1.298700356900628,0.2081642463758179,1.6866226170138183,0.043332353469212215,0.27034298106222493,2.3
-0.1683773980189605,-1.109779666437023,0.028350948163635446,1.23161090803707,0.18686181260901585,286.329
-1.1176630041434001,0.6035474202196701,1.2491705908308501,0.36426948845381907,-0.6745626228257157,162.75
-1.2902603870751164,0.7353418115009542,1.6647718664552291,0.5407275797415049,-0.9487824103397384,6663.87
-1.2902603870751164,-1.109779666437023,1.6647718664552291,1.23161090803707,1.4319047419851267,151.85999999999999
-0.08207870655310236,1.6579025504699427,0.006736914069430288,2.748640866854741,-0.1360784969336624,7.0
-1.3765590785409745,-1.6369572315621592,1.8949148967135767,2.6796289779636484,2.2533683382901906,4041.5980000000004
0.9535055910371953,1.1307249853448065,0.9091729121391913,1.2785389924830128,1.0781525954517237,18428.717
-0.8587669297458257,0.7353418115009542,0.7374806396250719,0.5407275797415049,-0.6314872297764081,1080.407
0.17681736784447208,-0.18721892746803434,0.03126438157144735,0.035050926802281106,-0.03310355796556297,2768.438
-0.8587669297458257,-0.055424536186750264,0.7374806396250719,0.0030718792115163895,0.04759675877368194,68388.687
0.7809082081054791,-1.5051628402808752,0.6098176294865103,2.2655151757623915,-1.1753940165106918,99.9
1.6438951227640606,1.2625193766260905,2.702391174647466,1.5939551763563322,2.075449445630752,163.053
-1.3765590785409745,1.1307249853448065,1.8949148967135767,1.2785389924830128,-1.5565097439095037,1433.42
0.2631160593103302,0.47175302893838605,0.0692300606669972,0.2225509203125417,0.12412579794198031,13938.984
0.3494147507761884,-1.109779666437023,0.12209066805998585,1.23161090803707,-0.38777338556457386,3664.3089999999997
-0.9450656212116838,0.2081642463758179,0.8931490283962258,0.043332353469212215,-0.19672887281522433,132836.2
0.09051867637861392,-0.18721892746803434,0.00819363077333624,0.035050926802281106,-0.016946809507430195,1147.071
-1.5491564614726907,-0.18721892746803434,2.399885742122588,0.035050926802281106,0.2900314111970924,4325.092
-0.1683773980189605,1.1307249853448065,0.028350948163635446,1.2785389924830128,-0.19038853090738578,2108.8869999999997
1.1261029739689117,0.2081642463758179,1.2681079079816273,0.043332353469212215,0.23441437691780578,66903.05500000001
-0.9450656212116838,-1.109779666437023,0.8931490283962258,1.23161090803707,1.0488146098694004,6675.43
-0.5135721638823931,-0.31901331874931843,0.26375636751484366,0.10176949753945425,0.16383636041739108,186.58499999999998
1.5575964312982025,0.6035474202196701,2.426106642792896,0.36426948845381907,0.9400833078533948,2124.552
-1.2039616956092583,0.7353418115009542,1.4495237644943202,0.5407275797415049,-0.8853233742270724,0.79
-0.9450656212116838,-0.31901331874931843,0.8931490283962258,0.10176949753945425,0.3014885202586255,123.225
-1.031364312677542,0.6035474202196701,1.0637123454648187,0.36426948845381907,-0.6224772702231637,423149.31500000006
0.9535055910371953,-1.5051628402808752,0.9091729121391913,2.2655151757623915,-1.4351811836292396,40.041000000000004
-1.4628577700068326,0.9989305940635224,2.139952855269363,0.9978623317561017,-1.4612933812233648,8681.547999999999
-0.5998708553482512,-1.241574057718307,0.35984504309624255,1.541506140799102,0.7447840919816798,3267.945
-1.3765590785409745,0.7353418115009542,1.8949148967135767,0.5407275797415049,-1.0122414464524045,615.6600000000001
0.3494147507761884,-1.5051628402808752,0.12209066805998585,2.2655151757623915,-0.5259260987143218,9562.896
-0.2546760894848186,-0.055424536186750264,0.06485991055527934,0.0030718792115163895,0.014115304137551379,6066.383
-0.8587669297458257,0.339958637657102,0.7374806396250719,0.11557187531767277,-0.29194523550136314,127456.072
-0.3409747809506768,0.6035474202196701,0.11626380124436202,0.36426948845381907,-0.2057944494027481,424.28000000000003
1.2124016654347698,-1.6369572315621592,1.4699177983490035,2.6796289779636484,-1.9846496737914519,3123.048
-1.4628577700068326,1.3943137679073747,2.139952855269363,1.9441108833760603,-2.0396827292108064,1643.5720000000001
1.0398042825030536,0.339958637657102,1.08119294591169,0.11557187531767277,0.3534904473097585,1323.499
0.4357134422420465,0.339958637657102,0.1898462037504132,0.11557187531767277,0.14812454823349253,220.965
-1.2902603870751164,-1.5051628402808752,1.6647718664552291,2.2655151757623915,1.9420519889118837,26718.601000000002
-1.2039616956092583,0.6035474202196701,1.4495237644943202,0.36426948845381907,-0.7266479754282675,6.4
1.298700356900628,-0.8461908838744547,1.6866226170138183,0.716039011952231,-1.0989484028938121,1616.743
-0.5135721638823931,-0.055424536186750264,0.26375636751484366,0.0030718792115163895,0.028464498981607335,942.555
0.8672068995713372,0.339958637657102,0.7520478066641314,0.11557187531767277,0.2948144761451111,1875.8
-1.635455152938549,1.2625193766260905,2.674713557273253,1.5939551763563322,-2.0647938201879046,26.3
0.09051867637861392,-0.9779852751557389,0.00819363077333624,0.9564551984214462,-0.08852593262487202,126.13
-0.6861695468141094,0.07636985509453381,0.4708286469750802,0.005832354767160092,-0.05240266886047547,28895.090000000004
-0.5998708553482512,-1.6369572315621592,0.35984504309624255,2.6796289779636484,0.9819629346656978,834.4780000000001
-0.1683773980189605,1.3943137679073747,0.028350948163635446,1.9441108833760603,-0.23477092426225657,1913.0880000000002
-1.031364312677542,-0.055424536186750264,1.0637123454648187,0.0030718792115163895,0.05716288866971924,320712.327
-1.5491564614726907,-1.373368448999591,2.399885742122588,1.8861408967075421,2.127562606750444,3.5549999999999997
-0.2546760894848186,-1.5051628402808752,0.06485991055527934,2.2655151757623915,0.3833289862005959,75.6
0.2631160593103302,1.6579025504699427,0.0692300606669972,2.748640866854741,0.4362207858001972,3820.5
-0.3409747809506768,0.07636985509453381,0.11626380124436202,0.005832354767160092,-0.026040194612093594,81.41
-0.3409747809506768,-0.8461908838744547,0.11626380124436202,0.716039011952231,0.2885297512715518,3321.352
-0.42727347241653496,0.7353418115009542,0.18256262023088346,0.5407275797415049,-0.3141920492130778,247.60999999999999
0.2631160593103302,-0.7143964925931706,0.0692300606669972,0.5103623486294241,-0.18796918991623657,90558.708
1.384999048366486,0.8671362027822382,1.9182223639760718,0.751925194175599,1.2009828156575282,62.660000000000004
-0.42727347241653496,0.9989305940635224,0.18256262023088346,0.9978623317561017,-0.4268165436286333,1864.923
-0.5998708553482512,-0.18721892746803434,0.35984504309624255,0.035050926802281106,0.11230717815763197,4788.158
0.8672068995713372,0.6035474202196701,0.7520478066641314,0.36426948845381907,0.5234004870329791,215.1
1.5575964312982025,0.8671362027822382,2.426106642792896,0.751925194175599,1.3506482549030887,20.0
1.0398042825030536,0.2081642463758179,1.08119294591169,0.043332353469212215,0.2164500748455962,10.0
1.0398042825030536,1.2625193766260905,1.08119294591169,1.5939551763563322,1.3127730545588945,0.8
-1.5491564614726907,0.7353418115009542,2.399885742122588,0.5407275797415049,-1.1391595186777366,210.577
1.2124016654347698,1.5261081591886587,1.4699177983490035,2.3290061135421967,1.8502560738339207,11889.386999999999
-0.8587669297458257,-0.7143964925931706,0.7374806396250719,0.5103623486294241,0.6135000825654237,198791.659
0.4357134422420465,1.5261081591886587,0.1898462037504132,2.3290061135421967,0.6649458392737636,610.025
-1.3765590785409745,0.47175302893838605,1.8949148967135767,0.2225509203125417,-0.6493959148143383,8431.6
0.6946095166396209,-1.109779666437023,0.48248238060632775,1.23161090803707,-0.7708635176803003,54.29
1.5575964312982025,-0.055424536186750264,2.426106642792896,0.0030718792115163895,-0.0863290597708403,6439.602
0.8672068995713372,0.9989305940635224,0.7520478066641314,0.9978623317561017,0.8662795033647813,1485.66
-0.9450656212116838,-0.8461908838744547,0.8931490283962258,0.716039011952231,0.7997059133324753,213975.327
0.8672068995713372,-1.5051628402808752,0.7520478066641314,2.2655151757623915,-1.3052876000699656,0.2
-1.5491564614726907,0.8671362027822382,2.399885742122588,0.751925194175599,-1.3433296515169977,227.13000000000002
-0.2546760894848186,-0.9779852751557389,0.06485991055527934,0.9564551984214462,0.2490694654503979,5381.263
-1.4628577700068326,-1.241574057718307,2.139952855269363,1.541506140799102,1.816246257372137,7642.513000000001
1.2124016654347698,-1.241574057718307,1.4699177983490035,1.541506140799102,-1.5052864553382803,1016.0409999999999
0.8672068995713372,0.07636985509453381,0.7520478066641314,0.005832354767160092,0.06622846525724296,1.213
0.9535055910371953,-1.241574057718307,0.9091729121391913,1.541506140799102,-1.1838478057211432,7414.303999999999
1.0398042825030536,1.1307249853448065,1.08119294591169,1.2785389924830128,1.1757326820947323,237.63000000000002
-1.635455152938549,-1.241574057718307,2.674713557273253,1.541506140799102,2.0305386904502285,5040.372
0.9535055910371953,0.7353418115009542,0.9091729121391913,0.5407275797415049,0.7011525285895792,1733.425
-1.1176630041434001,-0.8461908838744547,1.2491705908308501,0.716039011952231,0.9457562453498821,469.41999999999996
0.6946095166396209,-0.8461908838744547,0.48248238060632775,0.716039011952231,-0.5877722408328886,8.07
-0.1683773980189605,0.9989305940635224,0.028350948163635446,0.9978623317561017,-0.16819733422995037,1019.384
1.0398042825030536,-0.8461908838744547,1.08119294591169,0.716039011952231,-0.8798729048677021,713.592
-0.6861695468141094,0.9989305940635224,0.4708286469750802,0.9978623317561017,-0.6854357530273162,83320.809
-0.7724682382799675,-1.6369572315621592,0.5967071791513566,2.6796289779636484,1.264497468804474,123190.143
0.17681736784447208,0.339958637657102,0.03126438157144735,0.11557187531767277,0.0601105914865214,2478.034
1.5575964312982025,-1.5051628402808752,2.426106642792896,2.2655151757623915,-2.3444362685441575,917.884
-0.9450656212116838,-1.5051628402808752,0.8931490283962258,2.2655151757623915,1.4224776546747877,21855.898
1.4712977398323441,-0.7143964925931706,2.1647170392357644,0.5103623486294241,-1.0510899448964859,31490.73
0.5220121337079047,-0.9779852751557389,0.27249666773827935,0.9564551984214462,-0.5105201802189595,48.291000000000004
-1.031364312677542,1.3943137679073747,1.0637123454648187,1.9441108833760603,-1.4380454608946234,682091.588
1.384999048366486,0.6035474202196701,1.9182223639760718,0.36426948845381907,0.8359126026482907,18793.002
-1.2902603870751164,-0.7143964925931706,1.6647718664552291,0.5103623486294241,0.9217574950583698,25029.913
1.4712977398323441,1.6579025504699427,2.1647170392357644,2.748640866854741,2.4392682753687054,27930.525
-0.5998708553482512,1.1307249853448065,0.35984504309624255,1.2785389924830128,-0.6782889641224279,4080.983
-0.7724682382799675,-0.7143964925931706,0.5967071791513566,0.5103623486294241,0.5518486000668343,266305.06200000003
-1.635455152938549,1.5261081591886587,2.674713557273253,2.3290061135421967,-2.4958814528866555,10211.23
1.4712977398323441,1.2625193766260905,2.1647170392357644,1.5939551763563322,1.857541905324507,113.457
-0.6861695468141094,-0.055424536186750264,0.4708286469750802,0.0030718792115163895,0.038030628877644634,33199.952000000005
0.6946095166396209,0.339958637657102,0.48248238060632775,0.11557187531767277,0.23613850498046363,40.21
0.3494147507761884,0.8671362027822382,0.12209066805998585,0.751925194175599,0.3029901801841661,3.1399999999999997
-1.5491564614726907,-1.6369572315621592,2.399885742122588,2.6796289779636484,2.5359028724289665,368.21999999999997
0.9535055910371953,-1.6369572315621592,0.9091729121391913,2.6796289779636484,-1.5608478725832877,20.04
-1.2902603870751164,0.339958637657102,1.6647718664552291,0.11557187531767277,-0.43863516341298164,1038.75
-1.2902603870751164,-0.055424536186750264,1.6647718664552291,0.0030718792115163895,0.0715120835137752,5871.9
-1.4628577700068326,0.47175302893838605,2.139952855269363,0.2225509203125417,-0.6901075839067762,58.9
-0.8587669297458257,1.1307249853448065,0.7374806396250719,1.2785389924830128,-0.9710292240514532,4838.280000000001
1.384999048366486,1.5261081591886587,1.9182223639760718,2.3290061135421967,2.113658348180622,38261.648
0.09051867637861392,0.8671362027822382,0.00819363077333624,0.751925194175599,0.07849202131582557,8.318000000000001
0.09051867637861392,-0.8461908838744547,0.00819363077333624,0.716039011952231,-0.07659607877196505,1850.4959999999999
-1.5491564614726907,0.47175302893838605,2.399885742122588,0.2225509203125417,-0.730819252999214,11576.85
-0.5135721638823931,0.339958637657102,0.26375636751484366,0.11557187531767277,-0.1745932931720683,5399.9349999999995
1.384999048366486,0.2081642463758179,1.9182223639760718,0.043332353469212215,0.28830728313443454,36086.7
0.09051867637861392,0.7353418115009542,0.00819363077333624,0.5407275797415049,0.0665621674629186,59.45
-0.08207870655310236,-1.6369572315621592,0.006736914069430288,2.6796289779636484,0.1343593322493693,264.40500000000003
-1.3765590785409745,-0.055424536186750264,1.8949148967135767,0.0030718792115163895,0.07629514846179385,807.6279999999999
-0.2546760894848186,-1.6369572315621592,0.06485991055527934,2.6796289779636484,0.4168938663881454,2579.879
0.2631160593103302,-0.18721892746803434,0.0692300606669972,0.035050926802281106,-0.049260306423695735,2423.1490000000003
1.298700356900628,1.1307249853448065,1.6866226170138183,1.2785389924830128,1.4684729420237574,2542.786
0.3494147507761884,-0.9779852751557389,0.12209066805998585,0.9564551984214462,-0.34172248118132453,1356.642
-1.635455152938549,-0.5826021013118866,2.674713557273253,0.3394252084530258,0.9528196087033516,0.02
-1.1176630041434001,0.7353418115009542,1.2491705908308501,0.5407275797415049,-0.8218643381144064,4.5
-0.1683773980189605,0.339958637657102,0.028350948163635446,0.11557187531767277,-0.05724135084277344,2816.277
0.09051867637861392,1.6579025504699427,0.00819363077333624,2.748640866854741,0.15007114443326738,4.9
-1.031364312677542,-0.7143964925931706,1.0637123454648187,0.5103623486294241,0.7368030475626022,1743125.435
0.6083108251737628,-0.18721892746803434,0.3700420600235842,0.035050926802281106,-0.11388730025622681,791.261
-0.9450656212116838,-1.241574057718307,0.8931490283962258,1.541506140799102,1.1733689581378628,4356.701
-0.8587669297458257,1.5261081591886587,0.7374806396250719,2.3290061135421967,-1.3105712183264981,268431.069
-1.2902603870751164,0.6035474202196701,1.6647718664552291,0.36426948845381907,-0.7787333280308195,20.005000000000003
1.1261029739689117,0.9989305940635224,1.2681079079816273,0.9978623317561017,1.1248987127634642,19161.281
1.4712977398323441,0.07636985509453381,2.1647170392357644,0.005832354767160092,0.11236279519191122,10375.235
-0.5998708553482512,-0.7143964925931706,0.35984504309624255,0.5103623486294241,0.4285456350696559,8419.011999999999
0.8672068995713372,1.5261081591886587,0.7520478066641314,2.3290061135421967,1.3234515251405174,1390.55
0.0042199849127557846,1.6579025504699427,1.7808272663886447e-05,2.748640866854741,0.006996323749802494,6627.95
1.1261029739689117,-1.109779666437023,1.2681079079816273,1.23161090803707,-1.2497261828249584,6470.737
0.6946095166396209,-1.5051628402808752,0.48248238060632775,2.2655151757623915,-1.0455004329514177,49.65
-1.3765590785409745,1.3943137679073747,1.8949148967135767,1.9441108833760603,-1.9193552755475698,20413.54
1.4712977398323441,1.3943137679073747,2.1647170392357644,1.9441108833760603,2.05145069533924,105317.959
0.4357134422420465,-0.055424536186750264,0.1898462037504132,0.0030718792115163895,-0.024149215446597826,2945.75
0.09051867637861392,-1.5051628402808752,0.00819363077333624,2.2655151757623915,-0.1362453480364999,325.044
0.17681736784447208,0.9989305940635224,0.03126438157144735,0.9978623317561017,0.17662827830162686,1721.913
-0.2546760894848186,-0.7143964925931706,0.06485991055527934,0.5103623486294241,0.18193970507529889,8517.782000000001
-1.1176630041434001,-0.055424536186750264,1.2491705908308501,0.0030718792115163895,0.061945953617737894,603.72
-0.3409747809506768,0.9989305940635224,0.11626380124436202,0.9978623317561017,-0.34061014049573896,5332.1669999999995
0.5220121337079047,-0.18721892746803434,0.27249666773827935,0.035050926802281106,-0.09773055179809405,286.337
-1.031364312677542,-1.373368448999591,1.0637123454648187,1.8861408967075421,1.416443206455485,36861.672999999995
-0.08207870655310236,-0.9779852751557389,0.006736914069430288,0.9564551984214462,0.08027176641276296,343.117
-1.1176630041434001,-1.241574057718307,1.2491705908308501,1.541506140799102,1.3876613912159543,4.951
0.8672068995713372,-1.241574057718307,0.7520478066641314,1.541506140799102,-1.0767015891820975,1779.155
-0.8587669297458257,1.6579025504699427,0.7374806396250719,2.748640866854741,-1.4237518830848466,84202.8
0.0042199849127557846,0.07636985509453381,1.7808272663886447e-05,0.005832354767160092,0.00032227963628827817,696.3520000000001
0.4357134422420465,-0.18721892746803434,0.1898462037504132,0.035050926802281106,-0.08157380333996127,155.95
-1.635455152938549,-1.6369572315621592,2.674713557273253,2.6796289779636484,2.677170139498355,687.5600000000001
-1.2902603870751164,-0.5826021013118866,1.6647718664552291,0.3394252084530258,0.751708412749451,12.09
0.6083108251737628,0.47175302893838605,0.3700420600235842,0.2225509203125417,0.2869724743117316,8.0
1.0398042825030536,-0.9779852751557389,1.08119294591169,0.9564551984214462,-1.0169132773318645,2022.1330000000003
1.384999048366486,0.9989305940635224,1.9182223639760718,0.9978623317561017,1.383517922162147,43118.727
0.7809082081054791,-0.055424536186750264,0.6098176294865103,0.0030718792115163895,-0.043281475238672436,1068.841
-1.2039616956092583,1.5261081591886587,1.4495237644943202,2.3290061135421967,-1.8373757670199014,2.997
1.298700356900628,-1.241574057718307,1.6866226170138183,1.541506140799102,-1.612432671877326,2919.347
1.384999048366486,-0.18721892746803434,1.9182223639760718,0.035050926802281106,-0.2592980363794217,857.961
-1.4628577700068326,-0.4508077100306025,2.139952855269363,0.20322759142303579,0.6594675613972539,0.2
-1.4628577700068326,1.1307249853448065,2.139952855269363,1.2785389924830128,-1.654089830552512,824.5
0.0042199849127557846,0.7353418115009542,1.7808272663886447e-05,0.5407275797415049,0.0031031313502525347,3221.391
0.17681736784447208,-0.055424536186750264,0.03126438157144735,0.0030718792115163895,-0.009800020602541875,1912.05
-0.8587669297458257,0.2081642463758179,0.7374806396250719,0.043332353469212215,-0.17876457074301477,237242.95
1.2124016654347698,-0.8461908838744547,1.4699177983490035,0.716039011952231,-1.0259232368851088,4038.63
0.2631160593103302,-1.109779666437023,0.0692300606669972,1.23161090803707,-0.29200085253564223,349.184
1.6438951227640606,1.3943137679073747,2.702391174647466,1.9441108833760603,2.2921056026657136,89304.963
1.2124016654347698,0.9989305940635224,1.4699177983490035,0.9978623317561017,1.2111051158963584,3967.0879999999997
-0.42727347241653496,-0.8461908838744547,0.18256262023088346,0.716039011952231,0.3615549172802552,322.116
-0.08207870655310236,1.3943137679073747,0.006736914069430288,1.9441108833760603,-0.11444347059901988,414.73900000000003
-1.031364312677542,0.339958637657102,1.0637123454648187,0.11557187531767277,-0.35062120666601054,413137.586
1.2124016654347698,-0.055424536186750264,1.4699177983490035,0.0030718792115163895,-0.06719679997876568,2629.2619999999997
-0.6861695468141094,1.2625193766260905,0.4708286469750802,1.5939551763563322,-0.8663023485035564,578.914
0.4357134422420465,0.07636985509453381,0.1898462037504132,0.005832354767160092,0.03327537244676562,117.0
-1.031364312677542,0.07636985509453381,1.0637123454648187,0.005832354767160092,-0.07876514310885735,183491.352
-1.031364312677542,1.6579025504699427,1.0637123454648187,2.748640866854741,-1.7099015244517763,651728.533
-0.1683773980189605,-1.5051628402808752,0.028350948163635446,2.2655151757623915,0.253435402641322,54.8
0.3494147507761884,0.339958637657102,0.12209066805998585,0.11557187531767277,0.11878656265116883,4850.939
1.6438951227640606,0.47175302893838605,2.702391174647466,0.2225509203125417,0.7755125034209855,245022.34300000002
1.4712977398323441,1.1307249853448065,2.1647170392357644,1.2785389924830128,1.6636331153097743,9174.8
0.3494147507761884,-0.055424536186750264,0.12209066805998585,0.0030718792115163895,-0.01936615049857918,11275.893
0.09051867637861392,-0.7143964925931706,0.00819363077333624,0.5103623486294241,-0.06466622491905807,3021.6639999999998
-1.031364312677542,-0.5826021013118866,1.0637123454648187,0.3394252084530258,0.6008750157840257,1806.8049999999998
0.8672068995713372,1.6579025504699427,0.7520478066641314,2.748640866854741,1.4377445305844514,22.369999999999997
0.3494147507761884,-1.241574057718307,0.12209066805998585,1.541506140799102,-0.4338242899478232,4856.255
-0.5135721638823931,-1.5051628402808752,0.26375636751484366,2.2655151757623915,0.773009736878418,353.065
-0.2546760894848186,1.3943137679073747,0.06485991055527934,1.9441108833760603,-0.3550983779254932,11028.155999999999
0.9535055910371953,0.8671362027822382,0.9091729121391913,0.751925194175599,0.8268192175436273,0.6
-0.8587669297458257,-1.241574057718307,0.7374806396250719,1.541506140799102,1.066222741598817,37279.898
-1.031364312677542,1.2625193766260905,1.0637123454648187,1.5939551763563322,-1.3021174291160467,44114.898
-0.8587669297458257,-0.8461908838744547,0.7374806396250719,0.716039011952231,0.726680747323772,221733.071
0.0042199849127557846,1.3943137679073747,1.7808272663886447e-05,1.9441108833760603,0.005883983064216792,18973.942000000003
1.298700356900628,0.7353418115009542,1.6866226170138183,0.5407275797415049,0.9549886730402435,541.0699999999999
-0.6861695468141094,-0.7143964925931706,0.4708286469750802,0.5103623486294241,0.49019711756824513,603717.826
1.298700356900628,0.07636985509453381,1.6866226170138183,0.005832354767160092,0.09918155806772029,2.2600000000000002
1.4712977398323441,0.7353418115009542,2.1647170392357644,0.5407275797415049,1.0819067452655755,1679.9060000000002
1.2124016654347698,0.8671362027822382,1.4699177983490035,0.751925194175599,1.0513173764119679,1.6800000000000002
1.298700356900628,-0.31901331874931843,1.6866226170138183,0.10176949753945425,-0.4143027109157936,69.3
-0.3409747809506768,-1.109779666437023,0.11626380124436202,1.23161090803707,0.37840687866687905,2644.237
0.7809082081054791,-1.241574057718307,0.6098176294865103,1.541506140799102,-0.9695553726430518,353.341
1.298700356900628,-0.9779852751557389,1.6866226170138183,0.9564551984214462,-1.2701098258883168,1138.7469999999998
1.2124016654347698,-0.9779852751557389,1.4699177983490035,0.9564551984214462,-1.1857109763694993,1323.584
-0.42727347241653496,-0.7143964925931706,0.18256262023088346,0.5103623486294241,0.3052426700724774,5635.325
-0.5135721638823931,1.1307249853448065,0.26375636751484366,1.2785389924830128,-0.5807088774794196,18499.98
-0.7724682382799675,-1.5051628402808752,0.5967071791513566,2.2655151757623915,1.1626904875562398,584034.5009999999
-0.8587669297458257,0.8671362027822382,0.7374806396250719,0.751925194175599,-0.7446678945347565,1771.3700000000001
-0.8587669297458257,-0.5826021013118866,0.7374806396250719,0.3394252084530258,0.5003194178070753,331.06
-0.6861695468141094,0.8671362027822382,0.4708286469750802,0.751925194175599,-0.595002455289196,4630.675
-1.5491564614726907,0.2081642463758179,2.399885742122588,0.043332353469212215,-0.32247898732069147,229.3
-0.3409747809506768,0.339958637657102,0.11626380124436202,0.11557187531767277,-0.11591732200742086,7456.739
0.6083108251737628,-0.8461908838744547,0.3700420600235842,0.716039011952231,-0.5147470748241852,396.71999999999997
-1.4628577700068326,-1.109779666437023,2.139952855269363,1.23161090803707,1.62344980804299,43.63
-1.635455152938549,0.47175302893838605,2.674713557273253,0.2225509203125417,-0.7715309220916519,1374.1
-0.6861695468141094,-1.109779666437023,0.4708286469750802,1.23161090803707,0.7614970107826055,26274.840999999997
-1.031364312677542,0.47175302893838605,1.0637123454648187,0.2225509203125417,-0.48654923844458714,1399916.982
-0.42727347241653496,-0.055424536186750264,0.18256262023088346,0.0030718792115163895,0.02368143403358868,1665.782
-0.6861695468141094,0.2081642463758179,0.4708286469750802,0.043332353469212215,-0.14283596659859557,252624.232
-0.42727347241653496,-1.6369572315621592,0.18256262023088346,2.6796289779636484,0.6994284005269217,1349.3120000000001
0.0042199849127557846,-0.7143964925931706,1.7808272663886447e-05,0.5103623486294241,-0.0030147424204688294,13255.626
1.6438951227640606,1.6579025504699427,2.702391174647466,2.748640866854741,2.7254179167356356,198747.092
1.6438951227640606,0.2081642463758179,2.702391174647466,0.043332353469212215,0.34220018935106333,126203.674
1.0398042825030536,0.47175302893838605,1.08119294591169,0.2225509203125417,0.49053081977392077,5.5
-1.635455152938549,-0.31901331874931843,2.674713557273253,0.10176949753945425,0.5217319760046006,2.201
-1.2902603870751164,-1.6369572315621592,1.6647718664552291,2.6796289779636484,2.1121010712208026,330.15
0.0042199849127557846,0.6035474202196701,1.7808272663886447e-05,0.36426948845381907,0.0025469610074596834,2488.075
-0.1683773980189605,0.6035474202196701,0.028350948163635446,0.36426948845381907,-0.10162374419764421,0.774
0.09051867637861392,0.07636985509453381,0.00819363077333624,0.005832354767160092,0.006912898198383746,51.672000000000004
-0.2546760894848186,0.339958637657102,0.06485991055527934,0.11557187531767277,-0.08657933642509713,6782.6089999999995
1.1261029739689117,-1.6369572315621592,1.2681079079816273,2.6796289779636484,-1.8433824067220639,35263.858
-0.5135721638823931,1.3943137679073747,0.26375636751484366,1.9441108833760603,-0.7160807389152033,6965.1759999999995
-0.9450656212116838,-0.7143964925931706,0.8931490283962258,0.5103623486294241,0.6751515650640129,42173.875
-1.635455152938549,-1.5051628402808752,2.674713557273253,2.2655151757623915,2.4616263231489794,13281.55
-1.2039616956092583,-0.7143964925931706,1.4495237644943202,0.5103623486294241,0.8601060125597806,42.193
1.4712977398323441,-0.055424536186750264,2.1647170392357644,0.0030718792115163895,-0.08154599482282163,7873.445
-0.42727347241653496,0.07636985509453381,0.18256262023088346,0.005832354767160092,-0.03263081317418907,16.1
0.3494147507761884,-0.31901331874931843,0.12209066805998585,0.10176949753945425,-0.11146795926507784,0.03
0.2631160593103302,0.6035474202196701,0.0692300606669972,0.36426948845381907,0.15880301881511552,302.15999999999997
-1.1176630041434001,1.1307249853448065,1.2491705908308501,1.2785389924830128,-1.2637694839804785,251.4
1.0398042825030536,-0.055424536186750264,1.08119294591169,0.0030718792115163895,-0.05763067008272839,1301.214
0.8672068995713372,0.7353418115009542,0.7520478066641314,0.5407275797415049,0.6376934924769132,1816.8
0.8672068995713372,1.3943137679073747,0.7520478066641314,1.9441108833760603,1.2091585196965835,1627.1
1.298700356900628,-1.109779666437023,1.6866226170138183,1.23161090803707,-1.4412712488828214,294.847
0.6946095166396209,-1.241574057718307,0.48248238060632775,1.541506140799102,-0.862409156104006,40.260000000000005
-0.7724682382799675,0.7353418115009542,0.5967071791513566,0.5407275797415049,-0.568028193663742,22086.169
1.2124016654347698,1.2625193766260905,1.4699177983490035,1.5939551763563322,1.5306805948651394,5.15
-0.08207870655310236,0.339958637657102,0.006736914069430288,0.11557187531767277,-0.027903365260449727,3474.111
0.5220121337079047,0.6035474202196701,0.27249666773827935,0.36426948845381907,0.3150590766227714,16.16
1.5575964312982025,0.07636985509453381,2.426106642792896,0.005832354767160092,0.11895341375400671,380.6
1.384999048366486,-1.241574057718307,1.9182223639760718,1.541506140799102,-1.7195788884163719,471.162
1.0398042825030536,0.9989305940635224,1.08119294591169,0.9978623317561017,1.03869230963057,559.487
-0.1683773980189605,-0.7143964925931706,0.028350948163635446,0.5103623486294241,0.12028822257670967,6249.528
-1.1176630041434001,0.339958637657102,1.2491705908308501,0.11557187531767277,-0.37995919224833424,370.445
1.4712977398323441,0.9989305940635224,2.1647170392357644,0.9978623317561017,1.4697243252950414,30313.508
-0.5998708553482512,-1.5051628402808752,0.35984504309624255,2.2655151757623915,0.9029033204376918,8.6
-1.2902603870751164,-0.31901331874931843,1.6647718664552291,0.10176949753945425,0.41161024813161307,1885.0580000000002
0.3494147507761884,-0.18721892746803434,0.12209066805998585,0.035050926802281106,-0.06541705488182852,5060.3550000000005
0.3494147507761884,-0.8461908838744547,0.12209066805998585,0.716039011952231,-0.29567157679807515,1725.565
0.6946095166396209,-0.055424536186750264,0.48248238060632775,0.0030718792115163895,-0.038498410290653776,3.45
0.3494147507761884,-1.6369572315621592,0.12209066805998585,2.6796289779636484,-0.5719770030975712,438.77
-1.031364312677542,-1.241574057718307,1.0637123454648187,1.541506140799102,1.2805151746769086,171882.76499999998
0.2631160593103302,0.2081642463758179,0.0692300606669972,0.043332353469212215,0.05477135619570989,1777.1
-0.7724682382799675,-0.055424536186750264,0.5967071791513566,0.0030718792115163895,0.04281369382566328,34535.228
0.3494147507761884,1.1307249853448065,0.12209066805998585,1.2785389924830128,0.39509198895066483,3191.5950000000003
0.6083108251737628,0.7353418115009542,0.3700420600235842,0.5407275797415049,0.447316384138915,79.6
-0.3409747809506768,1.3943137679073747,0.11626380124436202,1.9441108833760603,-0.4754258315887299,7742.709
0.17681736784447208,0.7353418115009542,0.03126438157144735,0.5407275797415049,0.13002120357558467,61.6
1.2124016654347698,-0.31901331874931843,1.4699177983490035,0.10176949753945425,-0.38677227894754673,0.065
1.2124016654347698,-0.7143964925931706,1.4699177983490035,0.5103623486294241,-0.8661354974007183,16623.164
1.1261029739689117,-1.241574057718307,1.2681079079816273,1.541506140799102,-1.3981402387992348,4230.219
0.4357134422420465,0.9989305940635224,0.1898462037504132,0.9978623317561017,0.43524748770030974,2113.25
-1.031364312677542,-0.9779852751557389,1.0637123454648187,0.9564551984214462,1.0086591111197554,387116.44700000004
-0.5135721638823931,0.9989305940635224,0.26375636751484366,0.9978623317561017,-0.5130229467615276,989.894
1.5575964312982025,-1.241574057718307,2.426106642792896,1.541506140799102,-1.9338713214944634,2912.9939999999997
-1.4628577700068326,-0.7143964925931706,2.139952855269363,0.5103623486294241,1.0450604600555482,7621.3369999999995
1.384999048366486,0.07636985509453381,1.9182223639760718,0.005832354767160092,0.10577217662981576,1175.192
1.4712977398323441,1.5261081591886587,2.1647170392357644,2.3290061135421967,2.2453594853539727,101117.696
-0.3409747809506768,-0.9779852751557389,0.11626380124436202,0.9564551984214462,0.3334683149692154,1102.6209999999999
-0.6861695468141094,1.3943137679073747,0.4708286469750802,1.9441108833760603,-0.9567356462416765,94180.995
-0.7724682382799675,1.2625193766260905,0.5967071791513566,1.5939551763563322,-0.9752561186566788,429.69899999999996
-0.3409747809506768,1.1307249853448065,0.11626380124436202,1.2785389924830128,-0.3855487041934026,8477.744
1.6438951227640606,-0.5826021013118866,2.702391174647466,0.3394252084530258,-0.9577367528587035,0.41
0.0042199849127557846,-1.5051628402808752,1.7808272663886447e-05,2.2655151757623915,-0.006351764477225938,1289.78
-0.5998708553482512,-0.8461908838744547,0.35984504309624255,0.716039011952231,0.5076052492976619,945.82
0.17681736784447208,-1.109779666437023,0.03126438157144735,1.23161090803707,-0.1962283195067106,418.582
1.0398042825030536,1.3943137679073747,1.08119294591169,1.9441108833760603,1.449813427023057,1539.934
-1.3765590785409745,-0.7143964925931706,1.8949148967135767,0.5103623486294241,0.983408977556959,24032.015
0.2631160593103302,-1.6369572315621592,0.0692300606669972,2.6796289779636484,-0.430709736028183,3893.2
-0.5998708553482512,0.9989305940635224,0.35984504309624255,0.9978623317561017,-0.5992293498944219,3741.136
-1.2039616956092583,-1.5051628402808752,1.4495237644943202,2.2655151757623915,1.8121584053526096,5.273
-1.635455152938549,-0.4508077100306025,2.674713557273253,0.20322759142303579,0.7372757923539761,1.576
-0.2546760894848186,0.9989305940635224,0.06485991055527934,0.9978623317561017,-0.25440373736284466,4898.965
1.5575964312982025,1.2625193766260905,2.426106642792896,1.5939551763563322,1.9664956754776297,0.4
-0.7724682382799675,0.8671362027822382,0.5967071791513566,0.751925194175599,-0.6698351749119762,7.273999999999999
1.6438951227640606,0.07636985509453381,2.702391174647466,0.005832354767160092,0.12554403231610217,64934.098
1.6438951227640606,-0.9779852751557389,2.702391174647466,0.9564551984214462,-1.607705223963587,2973.547
-0.5135721638823931,-0.18721892746803434,0.26375636751484366,0.035050926802281106,0.0961504296994992,3804.9669999999996
1.298700356900628,-1.6369572315621592,1.6866226170138183,2.6796289779636484,-2.12591694086084,571.4359999999999
0.2631160593103302,1.5261081591886587,0.0692300606669972,2.3290061135421967,0.401543564927062,26580.898999999998
-1.635455152938549,0.7353418115009542,2.674713557273253,0.5407275797415049,-1.202618554790403,300.1
0.6083108251737628,0.339958637657102,0.3700420600235842,0.11557187531767277,0.20680051939813993,291.76
1.2124016654347698,-0.18721892746803434,1.4699177983490035,0.035050926802281106,-0.2269845394631562,2680.3360000000002
-1.031364312677542,-1.6369572315621592,1.0637123454648187,2.6796289779636484,1.6882992700126382,604907.67
1.1261029739689117,-0.31901331874931843,1.2681079079816273,0.10176949753945425,-0.35924184697929984,377.656
1.5575964312982025,0.47175302893838605,2.426106642792896,0.2225509203125417,0.7348008343285477,3223.6
0.5220121337079047,0.7353418115009542,0.27249666773827935,0.5407275797415049,0.38385734802624893,2.6350000000000002
-1.1176630041434001,-0.31901331874931843,1.2491705908308501,0.10176949753945425,0.35654938419511933,0.059
-1.2039616956092583,-0.9779852751557389,1.4495237644943202,0.9564551984214462,1.1774568101573903,0.032
-1.5491564614726907,1.3943137679073747,2.399885742122588,1.9441108833760603,-2.1600101828740432,1911.6419999999998
1.0398042825030536,-0.7143964925931706,1.08119294591169,0.5103623486294241,-0.7428325324035397,2814.922
-0.7724682382799675,-0.9779852751557389,0.5967071791513566,0.9564551984214462,0.7554625625633028,50122.863
-0.5135721638823931,-0.9779852751557389,0.26375636751484366,0.9564551984214462,0.5022660140068504,7836.003999999999
-0.8587669297458257,0.9989305940635224,0.7374806396250719,0.9978623317561017,-0.8578485592931048,149803.017
-1.031364312677542,-0.31901331874931843,1.0637123454648187,0.10176949753945425,0.32901895222687244,39121.699
1.1261029739689117,1.6579025504699427,1.2681079079816273,2.748640866854741,1.8669689926348463,32765.438000000002
0.09051867637861392,-0.31901331874931843,0.00819363077333624,0.10176949753945425,-0.028876663360337163,0.041999999999999996
0.8672068995713372,-1.109779666437023,0.7520478066641314,1.23161090803707,-0.9624085837381635,1587.02
1.298700356900628,1.2625193766260905,1.6866226170138183,1.5939551763563322,1.6396343650182619,0.849
1.2124016654347698,-1.109779666437023,1.4699177983490035,1.23161090803707,-1.34549871585389,791.6800000000001
-1.031364312677542,1.1307249853448065,1.0637123454648187,1.2785389924830128,-1.1661893973374702,363009.54500000004
1.1261029739689117,1.2625193766260905,1.2681079079816273,1.5939551763563322,1.421726824712017,75.166
0.6946095166396209,1.3943137679073747,0.48248238060632775,1.9441108833760603,0.9685036123701101,2.23
-0.3409747809506768,-1.241574057718307,0.11626380124436202,1.541506140799102,0.4233454423645427,3890.547
-0.3409747809506768,-0.18721892746803434,0.11626380124436202,0.035050926802281106,0.06383693278323366,6093.0470000000005
0.6083108251737628,1.5261081591886587,0.3700420600235842,2.3290061135421967,0.9283481136204651,481.285
-0.6861695468141094,-1.241574057718307,0.4708286469750802,1.541506140799102,0.8519303085207256,14895.638
-0.2546760894848186,0.6035474202196701,0.06485991055527934,0.36426948845381907,-0.15370909680019615,1833.5
-0.42727347241653496,0.6035474202196701,0.18256262023088346,0.36426948845381907,-0.25787980200530003,144.792
0.09051867637861392,-1.241574057718307,0.00819363077333624,1.541506140799102,-0.11238564033068596,629.507
-1.4628577700068326,-1.5051628402808752,2.139952855269363,2.2655151757623915,2.2018391560304313,1395.076
1.384999048366486,-1.109779666437023,1.9182223639760718,1.23161090803707,-1.537043781911753,879.632
0.9535055910371953,0.6035474202196701,0.9091729121391913,0.36426948845381907,0.575485839635531,42.3
-0.1683773980189605,-0.31901331874931843,0.028350948163635446,0.10176949753945425,0.05371463254440351,18.926
0.9535055910371953,-0.18721892746803434,0.9091729121391913,0.035050926802281106,-0.17851429408875788,8016.360000000001
-0.9450656212116838,-0.9779852751557389,0.8931490283962258,0.9564551984214462,0.9242602616009379,653.5
-0.9450656212116838,1.5261081591886587,0.8931490283962258,2.3290061135421967,-1.442272355499849,100281.408
-0.1683773980189605,-1.6369572315621592,0.028350948163635446,2.6796289779636484,0.2756265993187574,326.32399999999996
-1.031364312677542,1.5261081591886587,1.0637123454648187,2.3290061135421967,-1.5739734926731999,1227948.6099999999
0.6946095166396209,-1.6369572315621592,0.48248238060632775,2.6796289779636484,-1.1370460713751234,13.069999999999999
-1.4628577700068326,0.7353418115009542,2.139952855269363,0.5407275797415049,-1.0757004825650704,257.65999999999997
-1.2039616956092583,-0.055424536186750264,1.4495237644943202,0.0030718792115163895,0.06672901856575654,3191.884
1.1261029739689117,0.07636985509453381,1.2681079079816273,0.005832354767160092,0.08600032094352937,2965.66
0.09051867637861392,1.3943137679073747,0.00819363077333624,1.9441108833760603,0.12621143672745347,1679.438
-0.9450656212116838,1.2625193766260905,0.8931490283962258,1.5939551763563322,-1.193163658962924,8.681999999999999
0.9535055910371953,1.3943137679073747,0.9091729121391913,1.9441108833760603,1.32948597335982,5794.33
-0.8587669297458257,1.3943137679073747,0.7374806396250719,1.9441108833760603,-1.19739055356815,118827.545
-0.5998708553482512,-0.055424536186750264,0.35984504309624255,0.0030718792115163895,0.03324756392962598,5493.035
0.3494147507761884,0.07636985509453381,0.12209066805998585,0.005832354767160092,0.02668475388467015,442.004
-1.4628577700068326,0.6035474202196701,2.139952855269363,0.36426948845381907,-0.8829040332359234,113.05
-0.2546760894848186,-1.109779666437023,0.06485991055527934,1.23161090803707,0.2826343456379474,2468.179
-0.2546760894848186,1.5261081591886587,0.06485991055527934,2.3290061135421967,-0.3886632581130427,10753.811
-0.1683773980189605,-0.8461908838744547,0.028350948163635446,0.716039011952231,0.14247941925414506,4916.416
-0.42727347241653496,1.1307249853448065,0.18256262023088346,1.2785389924830128,-0.4831287908364111,6671.302000000001
1.1261029739689117,0.8671362027822382,1.2681079079816273,0.751925194175599,0.9764846567891877,3.7
-0.42727347241653496,-1.109779666437023,0.18256262023088346,1.23161090803707,0.4741794116958107,857.467
-0.5998708553482512,-1.109779666437023,0.35984504309624255,1.23161090803707,0.6657244777536739,633.42
-0.7724682382799675,1.3943137679073747,0.5967071791513566,1.9441108833760603,-1.0770630999049131,57627.590000000004
0.8672068995713372,-0.8461908838744547,0.7520478066641314,0.716039011952231,-0.7338225728502954,66.3
0.6083108251737628,1.3943137679073747,0.3700420600235842,1.9441108833760603,0.8481761587068735,1245.474
0.2631160593103302,0.339958637657102,0.0692300606669972,0.11557187531767277,0.08944857706884511,3359.345
1.1261029739689117,0.7353418115009542,1.2681079079816273,0.5407275797415049,0.8280706008149115,1467.852
1.2124016654347698,0.2081642463758179,1.4699177983490035,0.043332353469212215,0.25237867899001537,186.94
-0.5135721638823931,-0.7143964925931706,0.26375636751484366,0.5103623486294241,0.36689415257106667,14259.26
0.4357134422420465,-1.241574057718307,0.1898462037504132,1.541506140799102,-0.5409705064868688,1924.98
-0.8587669297458257,-0.9779852751557389,0.7374806396250719,0.9564551984214462,0.8398614120821204,137216.821
-1.5491564614726907,-1.109779666437023,2.399885742122588,1.23161090803707,1.7192223410719216,4529.423000000001
-0.5998708553482512,-0.31901331874931843,0.35984504309624255,0.10176949753945425,0.19136679238563797,0.10300000000000001
0.5220121337079047,-0.7143964925931706,0.27249666773827935,0.5103623486294241,-0.3729236374120043,393.25
0.8672068995713372,-0.055424536186750264,0.7520478066641314,0.0030718792115163895,-0.04806454018669108,3169.3
-1.2902603870751164,0.07636985509453381,1.6647718664552291,0.005832354767160092,-0.09853699879514374,55.722
-1.635455152938549,0.6035474202196701,2.674713557273253,0.36426948845381907,-0.9870747384410273,894.1
0.6083108251737628,-1.241574057718307,0.3700420600235842,1.541506140799102,-0.7552629395649603,1049.115
0.3494147507761884,-0.7143964925931706,0.12209066805998585,0.5103623486294241,-0.24962067241482583,10943.708
0.6946095166396209,-0.7143964925931706,0.48248238060632775,0.5103623486294241,-0.49622660240918276,25.36
1.6438951227640606,0.7353418115009542,2.702391174647466,0.5407275797415049,1.2088248174909078,2848.7
0.9535055910371953,-0.055424536186750264,0.9091729121391913,0.0030718792115163895,-0.052847605134709735,10763.348
-1.5491564614726907,0.6035474202196701,2.399885742122588,0.36426948845381907,-0.9349893858384752,17014.629999999997
1.6438951227640606,-0.8461908838744547,2.702391174647466,0.716039011952231,-1.3910490669286257,211900.30800000002
1.6438951227640606,-1.109779666437023,2.702391174647466,1.23161090803707,-1.8243613809985482,62026.81
1.4712977398323441,0.6035474202196701,2.1647170392357644,0.36426948845381907,0.8879979552508427,31484.284999999996
0.5220121337079047,1.5261081591886587,0.27249666773827935,2.3290061135421967,0.7966469764471144,335.171
-0.08207870655310236,1.5261081591886587,0.006736914069430288,2.3290061135421967,-0.12526098376634115,187.275
-0.5135721638823931,-0.8461908838744547,0.26375636751484366,0.716039011952231,0.4345800832889586,3883.425
-1.4628577700068326,-0.18721892746803434,2.139952855269363,0.035050926802281106,0.27387466273895966,4009.9300000000003
-0.2546760894848186,-0.31901331874931843,0.06485991055527934,0.10176949753945425,0.08124506451265039,5.9030000000000005
0.4357134422420465,1.3943137679073747,0.1898462037504132,1.9441108833760603,0.6075212513804001,410.575
1.1261029739689117,-0.8461908838744547,1.2681079079816273,0.716039011952231,-0.9528980708764054,9462.59
-1.635455152938549,-0.9779852751557389,2.674713557273253,0.9564551984214462,1.5994510577514778,129.25
0.9535055910371953,1.5261081591886587,0.9091729121391913,2.3290061135421967,1.4551526623138682,168.26500000000001
1.384999048366486,0.47175302893838605,1.9182223639760718,0.2225509203125417,0.653377496143672,68656.946
-1.3765590785409745,-0.4508077100306025,1.8949148967135767,0.20322759142303579,0.620563445918893,1.0
0.2631160593103302,0.9989305940635224,0.0692300606669972,0.9978623317561017,0.26283468143452116,4884.841
1.384999048366486,-0.055424536186750264,1.9182223639760718,0.0030718792115163895,-0.07676292987480299,4305.337
-0.42727347241653496,-0.9779852751557389,0.18256262023088346,0.9564551984214462,0.41786716448803296,613.6899999999999
-0.9450656212116838,0.7353418115009542,0.8931490283962258,0.5407275797415049,-0.6949462658890742,734.162
-0.9450656212116838,0.9989305940635224,0.8931490283962258,0.9978623317561017,-0.9440549624259991,36441.346000000005
-0.2546760894848186,-1.241574057718307,0.06485991055527934,1.541506140799102,0.3161992258254969,2859.392
-1.1176630041434001,-0.18721892746803434,1.2491705908308501,0.035050926802281106,0.2092476689064286,738.3
1.1261029739689117,-0.9779852751557389,1.2681079079816273,0.9564551984214462,-1.101312126850682,15880.136999999999
-0.42727347241653496,1.3943137679073747,0.18256262023088346,1.9441108833760603,-0.5957532852519666,4345.915
-0.9450656212116838,0.47175302893838605,0.8931490283962258,0.2225509203125417,-0.44583756935214924,87624.0
1.0398042825030536,-0.18721892746803434,1.08119294591169,0.035050926802281106,-0.1946710425468907,1624.498
-1.2902603870751164,-0.4508077100306025,1.6647718664552291,0.20322759142303579,0.581659330440532,26.689999999999998
0.0042199849127557846,0.2081642463758179,1.7808272663886447e-05,0.043332353469212215,0.0008784499790811295,145.8
-0.8587669297458257,0.6035474202196701,0.7374806396250719,0.36426948845381907,-0.5183065650180598,91096.136
-1.2039616956092583,-0.8461908838744547,1.4495237644943202,0.716039011952231,1.0187814113585856,0.066
1.298700356900628,0.339958637657102,1.6866226170138183,0.11557187531767277,0.4415044040567296,2647.923
-1.4628577700068326,-0.055424536186750264,2.139952855269363,0.0030718792115163895,0.08107821340981249,10552.912
1.6438951227640606,1.5261081591886587,2.702391174647466,2.3290061135421967,2.5087617597006746,234579.856
-1.3765590785409745,1.5261081591886587,1.8949148967135767,2.3290061135421967,-2.1007780413666026,23964.93
-1.635455152938549,0.07636985509453381,2.674713557273253,0.005832354767160092,-0.12489947304352562,450.1
0.0042199849127557846,0.47175302893838605,1.7808272663886447e-05,0.2225509203125417,0.001990790664666832,5653.26
0.3494147507761884,0.47175302893838605,0.12209066805998585,0.2225509203125417,0.16483746703441815,1965.3529999999998
-0.42727347241653496,-0.18721892746803434,0.18256262023088346,0.035050926802281106,0.07999368124136642,2698.43
-1.4628577700068326,-0.31901331874931843,2.139952855269363,0.10176949753945425,0.46667111206810685,107.917
-1.3765590785409745,1.6579025504699427,1.8949148967135767,2.748640866854741,-2.2822008071856357,7832.0
0.7809082081054791,0.7353418115009542,0.6098176294865103,0.5407275797415049,0.5742344563642472,194.0
-1.5491564614726907,0.339958637657102,2.399885742122588,0.11557187531767277,-0.5266491201599527,5646.874
-1.2902603870751164,0.9989305940635224,1.6647718664552291,0.9978623317561017,-1.2888805749575762,3390.058
-1.2902603870751164,1.5261081591886587,1.6647718664552291,2.3290061135421967,-1.969076904193252,667.76
0.0042199849127557846,-0.5826021013118866,1.7808272663886447e-05,0.3394252084530258,-0.0024585720776759785,78.262
0.4357134422420465,-0.8461908838744547,0.1898462037504132,0.716039011952231,-0.3686967428067785,53.5
-1.4628577700068326,-0.8461908838744547,2.139952855269363,0.716039011952231,1.2378569093846954,7521.563
0.5220121337079047,1.3943137679073747,0.27249666773827935,1.9441108833760603,0.7278487050436369,123.867
-1.5491564614726907,-0.31901331874931843,2.399885742122588,0.10176949753945425,0.4942015440363537,50.601
-0.5998708553482512,1.5261081591886587,0.35984504309624255,2.3290061135421967,-0.9154678068064459,2192.569
1.5575964312982025,-0.9779852751557389,2.426106642792896,0.9564551984214462,-1.5233063744447695,5485.485
1.1261029739689117,1.1307249853448065,1.2681079079816273,1.2785389924830128,1.2733127687377406,13023.515
-1.2902603870751164,1.2625193766260905,1.6647718664552291,1.5939551763563322,-1.628978739575414,1.765
0.3494147507761884,-1.373368448999591,0.12209066805998585,1.8861408967075421,-0.47987519433107245,418.533
-1.031364312677542,-0.18721892746803434,1.0637123454648187,0.035050926802281106,0.19309092044829584,284572.19
0.6083108251737628,-1.109779666437023,0.3700420600235842,1.23161090803707,-0.6750909846513686,212.98499999999999
0.5220121337079047,0.9989305940635224,0.27249666773827935,0.9978623317561017,0.521453890833204,307.325
0.8672068995713372,-1.6369572315621592,0.7520478066641314,2.6796289779636484,-1.4195806055138995,879.3
-0.08207870655310236,1.1307249853448065,0.006736914069430288,1.2785389924830128,-0.09280844426437733,1990.577
1.5575964312982025,-0.7143964925931706,2.426106642792896,0.5103623486294241,-1.1127414273950753,14010.024
-1.1176630041434001,1.5261081591886587,1.2491705908308501,2.3290061135421967,-1.7056746298465506,6478.37
-1.3765590785409745,-0.8461908838744547,1.8949148967135767,0.716039011952231,1.164831743375992,15893.857
-1.3765590785409745,-0.9779852751557389,1.8949148967135767,0.9564551984214462,1.3462545091950253,19415.370000000003
0.0042199849127557846,-0.31901331874931843,1.7808272663886447e-05,0.10176949753945425,-0.0013462313920902759,520.001
-1.3765590785409745,-1.241574057718307,1.8949148967135767,1.541506140799102,1.7091000408330914,265.707
0.6083108251737628,1.1307249853448065,0.3700420600235842,1.2785389924830128,0.6878322488796901,226.7
0.8672068995713372,-0.18721892746803434,0.7520478066641314,0.035050926802281106,-0.16235754563062513,1690.9
0.0042199849127557846,1.2625193766260905,1.7808272663886447e-05,1.5939551763563322,0.00532781272142394,0.003
-0.2546760894848186,0.7353418115009542,0.06485991055527934,0.5407275797415049,-0.18727397698774564,556.7
-0.2546760894848186,1.1307249853448065,0.06485991055527934,1.2785389924830128,-0.28796861755039416,3043.603
0.6083108251737628,-0.9779852751557389,0.3700420600235842,0.9564551984214462,-0.594919029737777,142.65
1.4712977398323441,-0.18721892746803434,2.1647170392357644,0.035050926802281106,-0.2754547848375545,14391.244
0.17681736784447208,0.47175302893838605,0.03126438157144735,0.2225509203125417,0.08341412884954248,9.3
0.8672068995713372,0.47175302893838605,0.7520478066641314,0.2225509203125417,0.4091074815890451,986.0930000000001
0.0042199849127557846,-0.9779852751557389,1.7808272663886447e-05,0.9564551984214462,-0.0041270831060545325,4596.201999999999
-1.2902603870751164,-0.18721892746803434,1.6647718664552291,0.035050926802281106,0.24156116582269413,1737.114
-0.9450656212116838,-1.6369572315621592,0.8931490283962258,2.6796289779636484,1.54703200294325,12287.4
-1.5491564614726907,1.5261081591886587,2.399885742122588,2.3290061135421967,-2.364180315713304,7735.778
-0.08207870655310236,-0.8461908838744547,0.006736914069430288,0.716039011952231,0.06945425324544169,3157.4939999999997
1.2124016654347698,1.3943137679073747,1.4699177983490035,1.9441108833760603,1.6904683343495301,5720.831
-1.5491564614726907,1.1307249853448065,2.399885742122588,1.2785389924830128,-1.7516699171955206,19079.592
1.0398042825030536,1.6579025504699427,1.08119294591169,2.748640866854741,1.7238941719513814,13.9
-0.08207870655310236,-1.241574057718307,0.006736914069430288,1.541506140799102,0.10190679274740548,4183.568
-1.3765590785409745,1.2625193766260905,1.8949148967135767,1.5939551763563322,-1.7379325097285365,11.7
-1.3765590785409745,0.6035474202196701,1.8949148967135767,0.36426948845381907,-0.8308186806333714,5660.6
-1.2039616956092583,0.9989305940635224,1.4495237644943202,0.9978623317561017,-1.202674171824682,1915.8709999999999
-0.08207870655310236,-1.5051628402808752,0.006736914069430288,2.2655151757623915,0.12354181908204803,28.68
0.6083108251737628,-1.6369572315621592,0.3700420600235842,2.6796289779636484,-0.9957788043057354,41.9
0.7809082081054791,-0.7143964925931706,0.6098176294865103,0.5103623486294241,-0.557878084907772,1528.7559999999999
-1.3765590785409745,-1.109779666437023,1.8949148967135767,1.23161090803707,1.5276772750140584,10306.635
-1.1176630041434001,-1.6369572315621592,1.2491705908308501,2.6796289779636484,1.8295665370820264,55.525
0.7809082081054791,-0.9779852751557389,0.6098176294865103,0.9564551984214462,-0.763716728775412,786.3050000000001
1.1261029739689117,-0.18721892746803434,1.2681079079816273,0.035050926802281106,-0.21082779100502344,7758.957
1.298700356900628,0.8671362027822382,1.6866226170138183,0.751925194175599,1.1261500960347481,0.006
-0.7724682382799675,0.47175302893838605,0.5967071791513566,0.2225509203125417,-0.36441423116727356,200949.204
-1.3765590785409745,0.07636985509453381,1.8949148967135767,0.005832354767160092,-0.1051276173572392,2543.825
-0.5998708553482512,0.6035474202196701,0.35984504309624255,0.36426948845381907,-0.36205050721040394,122.886
-0.7724682382799675,1.6579025504699427,0.5967071791513566,2.748640866854741,-1.2806770624013815,133966.95
0.09051867637861392,0.47175302893838605,0.00819363077333624,0.2225509203125417,0.042702459757104655,379.38800000000003
1.5575964312982025,1.3943137679073747,2.426106642792896,1.9441108833760603,2.171778149002477,18735.855
-1.3765590785409745,0.9989305940635224,1.8949148967135767,0.9978623317561017,-1.3750869780904706,8388.228
-0.8587669297458257,-1.109779666437023,0.7374806396250719,1.23161090803707,0.9530420768404688,75280.20999999999
1.384999048366486,-1.5051628402808752,1.9182223639760718,2.2655151757623915,-2.0846491014256094,2554.651
0.4357134422420465,0.7353418115009542,0.1898462037504132,0.5407275797415049,0.32039831191358287,81.5
-0.5135721638823931,1.5261081591886587,0.26375636751484366,2.3290061135421967,-0.7837666696330952,5108.2300000000005
-1.635455152938549,-1.109779666437023,2.674713557273253,1.23161090803707,1.8149948741008533,211.8
-0.7724682382799675,-0.4508077100306025,0.5967071791513566,0.20322759142303579,0.34823463757036593,37.39
-1.1176630041434001,0.9989305940635224,1.2491705908308501,0.9978623317561017,-1.1164677686917877,24.93
1.1261029739689117,-1.5051628402808752,1.2681079079816273,2.2655151757623915,-1.6949683507477875,322741.559
-1.4628577700068326,-1.6369572315621592,2.139952855269363,2.6796289779636484,2.3946356053595785,201.35999999999999
0.09051867637861392,-1.109779666437023,0.00819363077333624,1.23161090803707,-0.10045578647777899,913.484
1.4712977398323441,-1.5051628402808752,2.1647170392357644,2.2655151757623915,-2.2145426849848833,232895.39700000003
-1.635455152938549,0.9989305940635224,2.674713557273253,0.9978623317561017,-1.6337061874891536,2660.402
-1.2902603870751164,0.47175302893838605,1.6647718664552291,0.2225509203125417,-0.6086842457219006,0.5780000000000001
-0.3409747809506768,-0.7143964925931706,0.11626380124436202,0.5103623486294241,0.24359118757388815,7235.814
-0.7724682382799675,-0.18721892746803434,0.5967071791513566,0.035050926802281106,0.1446206750738975,18184.357
-0.6861695468141094,-1.5051628402808752,0.4708286469750802,2.2655151757623915,1.0327969039969658,500301.22699999996
1.5575964312982025,0.339958637657102,2.426106642792896,0.11557187531767277,0.5295183608037007,15152.51
0.4357134422420465,-0.9779852751557389,0.1898462037504132,0.9564551984214462,-0.42612133070014196,49.135000000000005
-1.635455152938549,-0.8461908838744547,2.674713557273253,0.716039011952231,1.3839072414021023,184095.024
-1.5491564614726907,0.07636985509453381,2.399885742122588,0.005832354767160092,-0.11830885448143014,187.995
-1.4628577700068326,-0.9779852751557389,2.139952855269363,0.9564551984214462,1.4306533587138428,321.332
-0.1683773980189605,-0.055424536186750264,0.028350948163635446,0.0030718792115163895,0.009332239189532729,1225.144
1.4712977398323441,-0.8461908838744547,2.1647170392357644,0.716039011952231,-1.2449987349112188,121757.291
1.384999048366486,0.7353418115009542,1.9182223639760718,0.5407275797415049,1.0184477091529096,77.921
0.3494147507761884,0.7353418115009542,0.12209066805998585,0.5407275797415049,0.2569392758009168,412.175
1.0398042825030536,-0.5826021013118866,1.08119294591169,0.3394252084530258,-0.6057921599393776,0.153
1.1261029739689117,-0.055424536186750264,1.2681079079816273,0.0030718792115163895,-0.062413735030747035,11604.712
0.8672068995713372,-0.7143964925931706,0.7520478066641314,0.5103623486294241,-0.6195295674063612,2640.7
0.7809082081054791,-1.109779666437023,0.6098176294865103,1.23161090803707,-0.8666360507092319,711.504
1.2124016654347698,1.1307249853448065,1.4699177983490035,1.2785389924830128,1.3708928553807491,4802.695
1.5575964312982025,-0.8461908838744547,2.426106642792896,0.716039011952231,-1.3180239009199224,19049.656
1.6438951227640606,0.6035474202196701,2.702391174647466,0.36426948845381907,0.9921686604559466,12511.633
-1.5491564614726907,-0.9779852751557389,2.399885742122588,0.9564551984214462,1.51505220823266,5544.585
1.6438951227640606,0.8671362027822382,2.702391174647466,0.751925194175599,1.425480974525869,3.0
-1.5491564614726907,-1.241574057718307,2.399885742122588,1.541506140799102,1.9233924739111827,869.993
0.7809082081054791,1.1307249853448065,0.6098176294865103,1.2785389924830128,0.882992422165707,428.525
1.298700356900628,0.47175302893838605,1.6866226170138183,0.2225509203125417,0.6126658270512342,442.84499999999997
1.6438951227640606,-1.6369572315621592,2.702391174647466,2.6796289779636484,-2.6909860091383924,20016.006
1.4712977398323441,-0.31901331874931843,2.1647170392357644,0.10176949753945425,-0.46936357485228736,161.464
0.17681736784447208,1.1307249853448065,0.03126438157144735,1.2785389924830128,0.19993181566464796,1146.605
-0.8587669297458257,-1.373368448999591,0.7374806396250719,1.8861408967075421,1.1794034063571655,261.8
1.6438951227640606,-0.18721892746803434,2.702391174647466,0.035050926802281106,-0.30776828175382004,25577.961
0.7809082081054791,-1.6369572315621592,0.6098176294865103,2.6796289779636484,-1.2783133384445116,323.869
-1.5491564614726907,0.9989305940635224,2.399885742122588,0.9978623317561017,-1.547499784356259,14155.838
1.0398042825030536,0.6035474202196701,1.08119294591169,0.36426948845381907,0.627571192238083,150.409
0.2631160593103302,0.7353418115009542,0.0692300606669972,0.5407275797415049,0.19348023968825073,830.5649999999999
0.7809082081054791,0.339958637657102,0.6098176294865103,0.11557187531767277,0.2654764905627874,865.075
1.4712977398323441,-1.241574057718307,2.1647170392357644,1.541506140799102,-1.8267251049554174,7214.93
0.0042199849127557846,0.339958637657102,1.7808272663886447e-05,0.11557187531767277,0.001434620321873981,10613.685000000001
0.4357134422420465,1.1307249853448065,0.1898462037504132,1.2785389924830128,0.4926720755936732,225.0
-0.6861695468141094,0.339958637657102,0.4708286469750802,0.11557187531767277,-0.2332692643367157,62127.868
0.6946095166396209,-0.18721892746803434,0.48248238060632775,0.035050926802281106,-0.13004404871435957,43.08
-0.6861695468141094,-1.6369572315621592,0.4708286469750802,2.6796289779636484,1.123230201735086,115937.798
1.5575964312982025,0.2081642463758179,2.426106642792896,0.043332353469212215,0.3242358872788537,1064.5
-1.2902603870751164,1.3943137679073747,1.6647718664552291,1.9441108833760603,-1.7990278218843332,2824.681
1.2124016654347698,0.47175302893838605,1.4699177983490035,0.2225509203125417,0.5719541579587964,4263.092
0.09051867637861392,-0.055424536186750264,0.00819363077333624,0.0030718792115163895,-0.005016955654523224,2216.916
1.6438951227640606,-0.7143964925931706,2.702391174647466,0.5103623486294241,-1.1743929098936645,109052.50700000001
-1.4628577700068326,-0.5826021013118866,2.139952855269363,0.3394252084530258,0.8522640107264012,26.0
-0.42727347241653496,1.5261081591886587,0.18256262023088346,2.3290061135421967,-0.6520655324597443,1729.734
-0.42727347241653496,0.8671362027822382,0.18256262023088346,0.751925194175599,-0.37050429642085553,3.0
-1.5491564614726907,-0.4508077100306025,2.399885742122588,0.20322759142303579,0.698371676875615,0.215
-0.7724682382799675,0.9989305940635224,0.5967071791513566,0.9978623317561017,-0.7716421561602105,97134.26800000001
-1.635455152938549,-0.055424536186750264,2.674713557273253,0.0030718792115163895,0.0906443433058498,7586.1449999999995
0.8672068995713372,1.1307249853448065,0.7520478066641314,1.2785389924830128,0.9805725088087154,2880.58
0.5220121337079047,1.1307249853448065,0.27249666773827935,1.2785389924830128,0.5902521622366816,3.092
0.6946095166396209,1.6579025504699427,0.48248238060632775,2.748640866854741,1.1515948892175216,5.92
1.384999048366486,-0.7143964925931706,1.9182223639760718,0.5103623486294241,-0.9894384623978967,12666.958
-1.2902603870751164,-0.9779852751557389,1.6647718664552291,0.9564551984214462,1.2618556596762078,2807.518
-1.635455152938549,0.8671362027822382,2.674713557273253,0.751925194175599,-1.4181623711397782,7.0
1.2124016654347698,1.6579025504699427,1.4699177983490035,2.748640866854741,2.010043813318311,654.17
0.3494147507761884,0.9989305940635224,0.12209066805998585,0.9978623317561017,0.34904108456741545,9620.761
-0.42727347241653496,-1.5051628402808752,0.18256262023088346,2.2655151757623915,0.643116153319144,16.3
-1.031364312677542,0.7353418115009542,1.0637123454648187,0.5407275797415049,-0.7584053020017403,113964.85800000001
0.09051867637861392,1.1307249853448065,0.00819363077333624,1.2785389924830128,0.10235172902163951,960.283
-0.2546760894848186,-0.8461908838744547,0.06485991055527934,0.716039011952231,0.2155045852628484,3379.528
-0.08207870655310236,-0.055424536186750264,0.006736914069430288,0.0030718792115163895,0.004549174241514077,5252.552
-0.3409747809506768,-1.6369572315621592,0.11626380124436202,2.6796289779636484,0.5581611334575336,801.336
1.4712977398323441,0.2081642463758179,2.1647170392357644,0.043332353469212215,0.3062715852066441,27098.95
-0.3409747809506768,0.7353418115009542,0.11626380124436202,0.5407275797415049,-0.25073301310041174,1369.395
0.4357134422420465,-1.109779666437023,0.1898462037504132,1.23161090803707,-0.48354591859350543,9.925
0.6083108251737628,-0.055424536186750264,0.3700420600235842,0.0030718792115163895,-0.03371534534263513,2373.264
1.1261029739689117,-0.7143964925931706,1.2681079079816273,0.5103623486294241,-0.8044840149021291,44240.869
-0.3409747809506768,0.47175302893838605,0.11626380124436202,0.2225509203125417,-0.16085588570508447,4.85
-0.6861695468141094,0.6035474202196701,0.4708286469750802,0.36426948845381907,-0.41413585981295586,78854.088
-1.031364312677542,0.8671362027822382,1.0637123454648187,0.751925194175599,-0.8943333337803169,6750.053
-0.7724682382799675,0.339958637657102,0.5967071791513566,0.11557187531767277,-0.2626072499190394,26657.992
-1.3765590785409745,-0.31901331874931843,1.8949148967135767,0.10176949753945425,0.43914068009985996,107.82000000000001
0.7809082081054791,0.07636985509453381,0.6098176294865103,0.005832354767160092,0.059637846695147496,76.651
0.7809082081054791,1.5261081591886587,0.6098176294865103,2.3290061135421967,1.1917503879671667,3064.125
1.4712977398323441,-1.109779666437023,2.1647170392357644,1.23161090803707,-1.6328163149406847,53126.287
0.6946095166396209,1.5261081591886587,0.48248238060632775,2.3290061135421967,1.060049250793816,22.759999999999998
-1.2039616956092583,-1.241574057718307,1.4495237644943202,1.541506140799102,1.4948076077549999,2452.203
1.4712977398323441,0.47175302893838605,2.1647170392357644,0.2225509203125417,0.6940891652361099,257629.66
0.6946095166396209,-1.373368448999591,0.48248238060632775,1.8861408967075421,-0.9539547945277117,5.57
-0.5135721638823931,0.7353418115009542,0.26375636751484366,0.5407275797415049,-0.37765108532574393,1168.625
0.6946095166396209,0.2081642463758179,0.48248238060632775,0.043332353469212215,0.14459286655675782,15.52
-1.2039616956092583,-0.18721892746803434,1.4495237644943202,0.035050926802281106,0.22540441736456135,0.023
1.0398042825030536,0.7353418115009542,1.08119294591169,0.5407275797415049,0.7646115647022453,4.92
0.5220121337079047,-1.241574057718307,0.27249666773827935,1.541506140799102,-0.6481167230259146,153.096
1.298700356900628,1.3943137679073747,1.6866226170138183,1.9441108833760603,1.8107957880127667,5475.093
-0.5135721638823931,-1.6369572315621592,0.26375636751484366,2.6796289779636484,0.8406956675963098,1206.5059999999999
-0.6861695468141094,-0.9779852751557389,0.4708286469750802,0.9564551984214462,0.6710637130444854,104535.644
0.6083108251737628,-1.5051628402808752,0.3700420600235842,2.2655151757623915,-0.9156068493921438,0.6
0.2631160593103302,-1.241574057718307,0.0692300606669972,1.541506140799102,-0.3266780734087774,598.853
1.298700356900628,-0.055424536186750264,1.6866226170138183,0.0030718792115163895,-0.07197986492678433,4692.401
0.6946095166396209,0.6035474202196701,0.48248238060632775,0.36426948845381907,0.41922978182787524,175.185
-1.2902603870751164,-1.241574057718307,1.6647718664552291,1.541506140799102,1.6019538242940456,3182.638
